{"cameraMode":{"drawMode":0,"name":"Shaded","section":"Shading Mode"},"sceneLighting":true,"audioPlay":false,"sceneViewState":{"showFog":true,"showMaterialUpdate":false,"showSkybox":true,"showFlares":true,"showImageEffects":true,"showParticleSystems":true},"in2DMode":false,"pivot":{"x":2.319999933242798,"y":1.2029999494552613,"z":2.378000020980835},"rotation":{"x":-0.1259622871875763,"y":-0.8699884414672852,"z":0.37915223836898806,"w":-0.28897714614868166},"size":3.479584217071533,"orthographic":false}